{
  "n_train": 159,
  "n_test": 40,
  "r2_per_target": {
    "bifido_delta": 0.5441586926770765,
    "lacto_delta": 0.34358913152859816,
    "akkermansia_delta": 0.9999999999839747,
    "enterobacteriaceae_delta": 0.5993582482849935,
    "diversity_delta": 0.7435892353584296,
    "scfa_delta": 0.7435887870121798,
    "barrier_risk": 0.6586251847192488
  },
  "mae_per_target": {
    "bifido_delta": 0.0025000050172876995,
    "lacto_delta": 0.005000005043816295,
    "akkermansia_delta": 5.344217973541538e-09,
    "enterobacteriaceae_delta": 0.002500004962339552,
    "diversity_delta": 0.0025000052043889064,
    "scfa_delta": 0.0012500050004067285,
    "barrier_risk": 0.007500005067236637
  },
  "feature_columns": [
    "sucralose",
    "aspartame",
    "stevia",
    "polysorbate80",
    "cmc",
    "red40",
    "polysorbate60",
    "carrageenan",
    "titanium_dioxide",
    "msg",
    "potassium_sorbate",
    "sodium_benzoate",
    "sodium_nitrite",
    "phosphoric_acid",
    "citric_acid",
    "xylitol",
    "sorbitol",
    "maltitol",
    "tartrazine",
    "saccharin",
    "acesulfame_k",
    "guar_gum",
    "xanthan_gum",
    "propylene_glycol"
  ]
}