{
  "n_train": 159,
  "n_test": 40,
  "r2_per_target": {
    "bifido_delta": 0.34358832145768015,
    "lacto_delta": 0.28774805210836807,
    "akkermansia_delta": 0.9999999998929103,
    "enterobacteriaceae_delta": 0.4767119130189257,
    "diversity_delta": 0.5993574540955371,
    "scfa_delta": 0.6307670964712753,
    "barrier_risk": 0.5637627564811067
  },
  "mae_per_target": {
    "bifido_delta": 0.002000004853525213,
    "lacto_delta": 0.002500004814307199,
    "akkermansia_delta": 4.864087088053924e-09,
    "enterobacteriaceae_delta": 0.0012500029802739363,
    "diversity_delta": 0.0012500050257749766,
    "scfa_delta": 0.0007500047564634744,
    "barrier_risk": 0.0037500049133270485
  },
  "feature_columns": [
    "polysorbate80",
    "cmc",
    "sucralose",
    "aspartame",
    "stevia",
    "red40",
    "polysorbate60",
    "carrageenan",
    "titanium_dioxide",
    "msg",
    "potassium_sorbate",
    "sodium_benzoate",
    "sodium_nitrite",
    "phosphoric_acid",
    "citric_acid",
    "xylitol",
    "sorbitol",
    "maltitol",
    "tartrazine",
    "saccharin",
    "acesulfame_k",
    "guar_gum",
    "xanthan_gum",
    "propylene_glycol"
  ]
}